{
    "materials":[{
        "blending":"NormalBlending",
        "opacity":1,
        "colorEmissive":[0,0,0],
        "specularCoef":0,
        "DbgName":"craft3Mat",
        "mapDiffuse":"paper.jpg",
        "DbgColor":15658734,
        "wireframe":false,
        "visible":true,
        "shading":"lambert",
        "doubleSided":true,
        "DbgIndex":0,
        "depthTest":true,
        "colorSpecular":[0.0,0.0,0.0],
        "colorDiffuse":[1,1,1],
        "transparent":false,
        "mapDiffuseRepeat":[1,1],
        "mapDiffuseAnisotropy":1,
        "depthWrite":true,
        "mapDiffuseWrap":["repeat","repeat"]
    }],
    "faces":[42,33,32,1,0,4,0,1,0,1,1,42,1,27,29,0,1,2,3,1,1,2,42,1,29,33,0,1,3,4,1,2,0,43,25,26,3,7,0,5,6,3,7,3,4,5,3,42,23,24,10,0,8,9,10,6,6,6,42,36,4,12,0,11,4,12,7,8,9,42,6,5,13,0,6,5,13,10,11,12,43,14,15,28,16,0,14,15,3,16,13,13,13,13,43,8,30,17,9,0,8,3,17,9,14,14,14,14,42,35,18,34,0,16,18,14,15,15,15,43,6,31,20,13,0,6,19,20,13,10,16,16,12,43,21,0,4,12,0,21,0,4,12,17,17,8,9,43,33,11,22,29,0,4,11,22,3,0,18,18,2,43,26,3,2,19,0,6,3,2,19,4,5,19,19],
    "vertices":[-0.015098,0.109613,0.589836,-0.000821,0.034303,0.589964,-0.000711,0.034303,0.589964,0.00024,0.013218,-0.425636,-0.004094,0.10782,-0.432722,0.018369,0.138263,0.14604,0.003564,0.108052,-0.432725,-5e-06,0.035563,0.106368,-0.004096,0.10782,-0.432627,-0.003811,0.109113,-0.089719,-0.158332,0.106437,-0.090057,-0.015022,0.14892,0.152215,-0.397483,0.107786,0.432848,0.396442,0.111059,0.43418,0.01213,0.104928,-0.089688,0.000609,0.022686,-0.092996,0.003566,0.108052,-0.432464,0.00034,0.022832,-0.092995,0.156794,0.10944,-0.089743,0.030359,0.1098,0.589861,0.396063,0.111307,0.59006,-0.398942,0.108031,0.589627,-0.000221,0.035625,0.106536,-0.004096,0.10782,-0.432627,-0.003811,0.109113,-0.089719,0.018369,0.138263,0.14604,0.003564,0.108052,-0.432725,-0.000711,0.034303,0.589964,0.00024,0.013218,-0.425636,0.00024,0.013218,-0.425636,0.00024,0.013218,-0.425636,0.030359,0.1098,0.589861,-0.015098,0.109613,0.589836,-0.004094,0.10782,-0.432722,0.01213,0.104928,-0.089688,0.003566,0.108052,-0.432464,-0.015022,0.14892,0.152215],
    "metadata":{
        "generator":"io_three",
        "type":"Geometry",
        "version":3,
        "faces":14,
        "vertices":37,
        "materials":1,
        "uvs":1,
        "normals":20
    },
    "uvs":[[0.000219,0.71034,9.4e-05,0.155373,9.4e-05,0.155377,0.993069,0,0.999997,0.69713,0.434129,0.921468,1,0.69884,0.472916,0.164664,0.999905,0.697132,0.664636,0.706661,0.664966,0.686941,0.428091,1,0.15371,0.69688,0.152407,0.720997,0.664605,0.675818,0.66784,0.069771,0.999745,0.698843,0.667838,0.070846,0.664659,0.709066,0.000195,0.711721,-0,0.722825,0.000424,0.698686,0.472753,0.165116]],
    "normals":[0.994964,0.100009,0.004822,0.993927,0.109684,0.004639,0.994934,0.100284,0.004791,-0.99411,0.107883,0.007904,-0.98825,0.152501,0.009033,-0.988067,0.153569,0.009064,0.017304,-0.999817,0.003754,-0.158818,0.984649,-0.072146,-0.081515,0.995972,-0.036988,-0.028809,0.999481,-0.013031,0.054811,0.998077,-0.028291,0.113041,0.992065,-0.054659,0.014039,0.999847,-0.009827,0.996399,-0.083773,-0.012391,-0.998901,-0.046815,0.001312,0.031159,-0.999451,-0.009857,-0.00412,0.999969,-0.001587,-0.004028,0.999969,-0.00177,0.995849,0.090732,0.004975,-0.980071,0.198309,0.010193]
}