{
    "materials":[{
        "blending":"NormalBlending",
        "opacity":1,
        "colorEmissive":[0,0,0],
        "specularCoef":0,
        "DbgName":"craft2Mat",
        "mapDiffuse":"paper.jpg",
        "DbgColor":15658734,
        "wireframe":false,
        "visible":true,
        "shading":"lambert",
        "doubleSided":true,
        "DbgIndex":0,
        "depthTest":true,
        "colorSpecular":[0.0,0.0,0.0],
        "colorDiffuse":[1,1,1],
        "transparent":false,
        "mapDiffuseRepeat":[1,1],
        "mapDiffuseAnisotropy":1,
        "depthWrite":true,
        "mapDiffuseWrap":["repeat","repeat"]
    }],
    "faces":[42,23,1,28,0,0,1,2,0,0,0,42,15,4,18,0,3,4,5,1,1,1,43,6,7,26,14,0,6,7,4,3,2,2,2,2,43,8,22,25,10,0,8,0,9,10,3,3,3,3,43,16,21,27,17,0,3,8,10,6,4,4,4,4,43,5,11,20,3,0,5,11,8,3,5,5,5,5,43,24,19,12,29,0,0,8,12,1,6,6,6,6,43,0,2,13,9,0,0,2,13,9,7,7,7,7],
    "vertices":[-0.057318,0.099777,-0.233479,-0.052568,0.120906,-0.079169,-0.17951,0.062421,0.149726,0.053359,0.094855,-0.228804,0.181189,0.060095,0.153053,0.048511,0.120394,-0.082781,0.065846,0.117518,0.387759,0.181189,0.060095,0.387759,0.000248,-0.007452,-0.413983,-0.066779,0.1208,0.387759,0.00152,-0.043069,0.383958,0.00703,0.052433,-0.11861,-0.006451,0.055278,-0.117481,-0.17951,0.062421,0.387759,0.053359,0.094855,-0.228804,0.053359,0.094855,-0.228804,0.053359,0.094855,-0.228804,0.065846,0.117518,0.387759,0.048511,0.120394,-0.082781,0.000248,-0.007452,-0.413983,0.000248,-0.007452,-0.413983,0.000248,-0.007452,-0.413983,-0.057318,0.099777,-0.233479,-0.057318,0.099777,-0.233479,-0.057318,0.099777,-0.233479,-0.066779,0.1208,0.387759,0.181189,0.060095,0.153053,0.00152,-0.043069,0.383958,-0.17951,0.062421,0.149726,-0.052568,0.120906,-0.079169],
    "metadata":{
        "generator":"io_three",
        "type":"Geometry",
        "version":3,
        "faces":8,
        "vertices":30,
        "materials":1,
        "uvs":1,
        "normals":8
    },
    "uvs":[[0.77486,0.87115,0.582391,1,0.296894,0.643332,0.76903,0.841129,0.292745,0.629148,0.586898,0.996879,-0,0.979344,-0,0.629148,1,0.217214,-0,0.999357,0.004741,-0,0.631586,0.582419,0.630178,0.59977,-0,0.643332]],
    "normals":[0.554247,-0.826746,0.096133,-0.581408,-0.804498,0.121372,0.395459,0.917966,-0.030213,0.909421,0.415723,0.009522,-0.916288,0.40025,0.012574,0.80108,-0.588244,0.110324,-0.784692,-0.610004,0.11008,-0.414441,0.909665,-0.026795]
}