{
    "vertices":[-0.149341,0.130664,4.8361,-0.006573,-0.622436,4.83739,-0.005466,-0.622432,4.83739,0.004039,-0.833279,-5.31861,-0.039303,0.11274,-5.38948,0.185328,0.41717,0.398143,0.037277,0.11506,-5.3895,0.001589,-0.609827,0.00143,-0.039315,0.112742,-5.38853,-0.036467,0.125672,-1.95945,-1.58168,0.098911,-1.96283,-0.148583,0.523739,0.459899,-3.97319,0.112399,3.26623,3.96606,0.145126,3.27955,0.122941,0.083817,-1.95913,0.007729,-0.738599,-1.99222,0.0373,0.115064,-5.3869,0.005037,-0.73714,-1.99221,1.56958,0.128936,-1.95968,0.305236,0.132537,4.83635,3.96228,0.147605,4.83835,-3.98778,0.114848,4.83401,-0.000566,-0.609215,0.003104,-0.039315,0.112742,-5.38853,-0.036467,0.125672,-1.95945,0.185328,0.41717,0.398143,0.037277,0.11506,-5.3895,-0.005466,-0.622432,4.83739,0.004039,-0.833279,-5.31861,0.004039,-0.833279,-5.31861,0.004039,-0.833279,-5.31861,0.305236,0.132537,4.83635,-0.149341,0.130664,4.8361,-0.039303,0.11274,-5.38948,0.122941,0.083817,-1.95913,0.0373,0.115064,-5.3869,-0.148583,0.523739,0.459899],
    "faces":[42,33,32,1,0,4,0,1,0,1,1,42,1,27,29,0,1,2,3,1,1,2,42,1,29,33,0,1,3,4,1,2,0,43,25,26,3,7,0,5,6,3,7,3,4,5,3,42,23,24,10,0,8,9,10,6,6,6,42,36,4,12,0,11,4,12,7,8,9,42,6,5,13,0,6,5,13,10,11,12,43,14,15,28,16,0,14,15,3,16,13,13,13,13,43,8,30,17,9,0,8,3,17,9,14,14,14,14,42,35,18,34,0,16,18,14,15,15,15,43,6,31,20,13,0,6,19,20,13,10,16,16,12,43,21,0,4,12,0,21,0,4,12,17,17,8,9,43,33,11,22,29,0,4,11,22,3,0,18,18,2,43,26,3,2,19,0,6,3,2,19,4,5,19,19],
    "uvs":[[0.000219,0.71034,9.4e-05,0.155373,9.4e-05,0.155377,0.993069,0,0.999997,0.69713,0.434129,0.921468,1,0.69884,0.472916,0.164664,0.999905,0.697132,0.664636,0.706661,0.664966,0.686941,0.428091,1,0.15371,0.69688,0.152407,0.720997,0.664605,0.675818,0.66784,0.069771,0.999745,0.698843,0.667838,0.070846,0.664659,0.709066,0.000195,0.711721,-0,0.722825,0.000424,0.698686,0.472753,0.165116]],
    "materials":[{
        "blending":"NormalBlending",
        "opacity":1,
        "colorEmissive":[0,0,0],
        "specularCoef":0,
        "DbgName":"craft3Mat",
        "mapDiffuse":"paper.jpg",
        "DbgColor":15658734,
        "wireframe":false,
        "visible":true,
        "shading":"lambert",
        "doubleSided":true,
        "DbgIndex":0,
        "depthTest":true,
        "colorSpecular":[0.5,0.5,0.5],
        "colorDiffuse":[1,1,1],
        "transparent":false,
        "mapDiffuseRepeat":[1,1],
        "mapDiffuseAnisotropy":1,
        "depthWrite":true,
        "mapDiffuseWrap":["repeat","repeat"]
    }],
    "normals":[0.994964,0.100009,0.004822,0.993927,0.109684,0.004639,0.994934,0.100284,0.004791,-0.99411,0.107883,0.007904,-0.98825,0.152501,0.009033,-0.988067,0.153569,0.009064,0.017304,-0.999817,0.003754,-0.158818,0.984649,-0.072146,-0.081515,0.995972,-0.036988,-0.028809,0.999481,-0.013031,0.054811,0.998077,-0.028291,0.113041,0.992065,-0.054659,0.014039,0.999847,-0.009827,0.996399,-0.083773,-0.012391,-0.998901,-0.046815,0.001312,0.031159,-0.999451,-0.009888,-0.004089,0.999969,-0.001587,-0.004028,0.999969,-0.00177,0.995849,0.090732,0.004975,-0.980071,0.198309,0.010193],
    "metadata":{
        "faces":14,
        "version":3,
        "generator":"io_three",
        "uvs":1,
        "vertices":37,
        "materials":1,
        "normals":20,
        "type":"Geometry"
    }
}