{
    "vertices":[-0.573178,0.997773,-2.33479,-0.525683,1.20905,-0.791685,-1.7951,0.624211,1.49726,0.533586,0.948547,-2.28804,1.81189,0.600952,1.53053,0.485112,1.20394,-0.827815,0.658458,1.17518,3.87759,1.81189,0.600952,3.87759,0.002484,-0.074517,-4.13983,-0.667792,1.208,3.87759,0.015204,-0.430693,3.83958,0.070302,0.524328,-1.1861,-0.064506,0.55278,-1.17481,-1.7951,0.624211,3.87759,0.533586,0.948547,-2.28804,0.533586,0.948547,-2.28804,0.533586,0.948547,-2.28804,0.658458,1.17518,3.87759,0.485112,1.20394,-0.827815,0.002484,-0.074517,-4.13983,0.002484,-0.074517,-4.13983,0.002484,-0.074517,-4.13983,-0.573178,0.997773,-2.33479,-0.573178,0.997773,-2.33479,-0.573178,0.997773,-2.33479,-0.667792,1.208,3.87759,1.81189,0.600952,1.53053,0.015204,-0.430693,3.83958,-1.7951,0.624211,1.49726,-0.525683,1.20905,-0.791685],
    "faces":[42,23,1,28,0,0,1,2,0,0,0,42,15,4,18,0,3,4,5,1,1,1,43,6,7,26,14,0,6,7,4,3,2,2,2,2,43,8,22,25,10,0,8,0,9,10,3,3,3,3,43,16,21,27,17,0,3,8,10,6,4,4,4,4,43,5,11,20,3,0,5,11,8,3,5,5,5,5,43,24,19,12,29,0,0,8,12,1,6,6,6,6,43,0,2,13,9,0,0,2,13,9,7,7,7,7],
    "uvs":[[0.77486,0.87115,0.582391,1,0.296894,0.643332,0.76903,0.841129,0.292745,0.629148,0.586898,0.996879,-0,0.979344,-0,0.629148,1,0.217214,-0,0.999357,0.004741,-0,0.631586,0.582419,0.630178,0.59977,-0,0.643332]],
    "materials":[{
        "blending":"NormalBlending",
        "opacity":1,
        "colorEmissive":[0,0,0],
        "specularCoef":0,
        "DbgName":"craft2Mat",
        "mapDiffuse":"paper.jpg",
        "DbgColor":15658734,
        "wireframe":false,
        "visible":true,
        "shading":"lambert",
        "doubleSided":true,
        "DbgIndex":0,
        "depthTest":true,
        "colorSpecular":[0.0,0.0,0.0],
        "colorDiffuse":[1,1,1],
        "transparent":false,
        "mapDiffuseRepeat":[1,1],
        "mapDiffuseAnisotropy":1,
        "depthWrite":true,
        "mapDiffuseWrap":["repeat","repeat"]
    }],
    "normals":[0.554247,-0.826746,0.096133,-0.581408,-0.804468,0.121403,0.395459,0.917966,-0.030213,0.909421,0.415754,0.009522,-0.916288,0.40025,0.012574,0.80108,-0.588244,0.110324,-0.784692,-0.610004,0.11008,-0.414441,0.909665,-0.026795],
    "metadata":{
        "faces":8,
        "version":3,
        "generator":"io_three",
        "uvs":1,
        "vertices":30,
        "materials":1,
        "normals":8,
        "type":"Geometry"
    }
}