{
    "uvs":[[0.425528,0.816574,0.506486,0.922965,0.205668,0.922965,0.36873,0.993891,0.082142,0.0328,0.498864,0.0328,0.5,0.0328,0.915585,0.0328,0.916722,0.0328,0.917858,0.0328,0.788398,0.519739,0.911882,0.682052,0.912916,0.426512,0.870987,0.519739,0.205437,0.922965,0.113133,0.682052,0.092675,0.836276,0.076418,0.600896,0.823294,0.438582,0.471497,0.357426,0.113383,0.682052,0.487133,0.357426,0.215224,0.519739,0.518531,0.823666,0.214657,0.519739]],
    "vertices":[-0.918212,-0.084157,0.111194,-1.06344,-0.054608,0.085514,-1.06344,-0.164405,0.111287,-1.16026,-0.125111,0.090946,0.001588,-0.473352,0.12886,0.001588,-0.001287,-0,0.001588,-0,0.12886,0.001588,0.470777,-0.12886,0.001588,0.472064,0,0.001588,0.473352,0.12886,-0.579338,0.110744,0.116346,-0.77298,0.095007,0.094993,-0.385695,0.283279,0.013134,-0.579338,0.189337,0.069097,-1.06344,-0.164489,0.085514,-0.77298,-0.251549,0.094993,-0.945107,-0.205647,0.104649,-0.676159,-0.290843,0.115335,-0.482518,0.156869,-0.015798,-0.385695,-0.032289,0.013134,-0.77298,-0.251465,0.120766,-0.385695,-0.031346,0.124813,-0.579338,-0.21255,0.122789,-0.927894,-0.050212,0.050421,-0.579338,-0.21287,0.069097,0.001588,-0.473352,0.12886,0.001588,-0,0.12886,0.001588,-0.001287,-0,0.001588,0.470777,-0.12886,0.001588,0.472064,0,0.001588,0.473352,0.12886],
    "faces":[42,0,1,2,0,0,1,2,0,1,2,42,1,3,2,0,1,3,2,1,3,2,42,4,27,26,0,4,5,6,4,5,5,42,7,29,27,0,7,8,5,4,5,5,42,9,26,29,0,9,6,8,4,5,5,42,29,26,27,0,8,6,5,5,5,5,42,10,11,0,0,10,11,0,6,7,0,42,11,1,0,0,11,1,0,7,1,0,42,8,12,30,0,8,12,9,8,9,10,42,12,13,30,0,12,13,9,9,11,10,42,14,15,16,0,14,15,16,12,13,14,42,15,17,16,0,15,17,16,13,15,14,42,28,5,18,0,7,5,18,16,17,18,42,5,19,18,0,5,19,18,17,19,18,42,17,20,16,0,17,20,16,15,20,14,42,20,2,16,0,20,2,16,20,2,14,42,6,21,25,0,6,21,4,21,22,23,42,21,22,25,0,21,22,4,22,24,23,42,16,2,14,0,16,2,14,14,2,12,42,2,3,14,0,2,3,14,2,3,12,42,23,14,1,0,23,14,1,25,12,1,42,14,3,1,0,14,3,1,12,3,1,42,1,11,23,0,1,11,23,1,7,25,42,11,13,23,0,11,13,23,7,11,25,42,30,13,10,0,9,13,10,10,11,6,42,13,11,10,0,13,11,10,11,7,6,42,23,13,18,0,23,13,18,25,11,18,42,13,12,18,0,13,12,18,11,9,18,42,18,12,28,0,18,12,7,18,9,16,42,12,8,28,0,12,8,7,9,8,16,42,25,17,24,0,4,17,24,23,15,26,42,17,15,24,0,17,15,24,15,13,26,42,24,15,23,0,24,15,23,26,13,25,42,15,14,23,0,15,14,23,13,12,25,42,23,18,24,0,23,18,24,25,18,26,42,18,19,24,0,18,19,24,18,19,26,42,24,19,25,0,24,19,4,26,19,23,42,19,5,25,0,19,5,4,19,17,23,42,2,20,0,0,2,20,0,2,20,0,42,20,22,0,0,20,22,0,20,24,0,42,25,22,17,0,4,22,17,23,24,15,42,22,20,17,0,22,20,17,24,20,15,42,0,22,10,0,0,22,10,0,24,6,42,22,21,10,0,22,21,10,24,22,6,42,30,10,6,0,9,10,6,10,6,21,42,10,21,6,0,10,21,6,6,22,21],
    "materials":[{
        "visible":true,
        "mapDiffuseRepeat":[1,1],
        "specularCoef":0,
        "blending":"CustomBlending",
        "wireframe":false,
        "depthTest":true,
        "colorSpecular":[0.0,0.0,0.0],
        "shading":"lambert",
        "mapDiffuse":"torch.png",
        "transparent":true,
        "mapDiffuseAnisotropy":1,
        "DbgColor":15658734,
        "colorDiffuse":[1,1,1],
        "DbgName":"LTorchMat",
        "mapDiffuseWrap":["repeat","repeat"],
        "depthWrite":true,
        "colorEmissive":[0,0,0],
        "DbgIndex":0,
        "opacity":1
    }],
    "normals":[-0.075838,0.117893,0.990112,-0.715354,0.697775,-0.036348,-0.332102,-0.564989,0.755272,-0.99881,0.035218,-0.032899,1,0,0,0.999969,0,0,-0.115635,0.245094,0.962554,-0.486587,0.819819,0.301767,-0.438398,0.898709,-0.008972,-0.506333,0.780541,-0.366527,-0.371532,0.726768,0.577685,-0.510361,0.855007,0.09183,-0.306314,-0.679403,-0.666738,-0.162999,-0.618885,-0.768364,-0.290353,-0.954375,0.069308,-0.108493,-0.972839,0.204413,-0.433821,0.607257,-0.665578,-0.029908,-0.250374,-0.967681,-0.273934,0.176641,-0.945372,-0.042573,-0.215003,-0.975677,-0.140721,-0.368999,0.918699,-0.015595,0.003479,0.999847,-0.015809,0.020142,0.999664,-0.133335,-0.982391,0.130619,-0.022736,-0.015442,0.999603,-0.176244,0.130192,-0.975677,-0.062532,-0.318369,-0.945891],
    "metadata":{
        "uvs":1,
        "normals":27,
        "vertices":31,
        "faces":46,
        "materials":1,
        "type":"Geometry",
        "generator":"io_three",
        "version":3
    }
}