{
    "uvs":[[0.425528,0.816574,0.205668,0.922965,0.506486,0.922965,0.36873,0.993891,0.082142,0.0328,0.5,0.0328,0.498864,0.0328,0.915585,0.0328,0.916722,0.0328,0.917858,0.0328,0.788398,0.519739,0.911882,0.682052,0.912916,0.426512,0.870987,0.519739,0.205437,0.922965,0.092675,0.836276,0.113133,0.682052,0.076418,0.600896,0.823294,0.438582,0.471497,0.357426,0.113383,0.682052,0.487133,0.357426,0.215224,0.519739,0.518531,0.823666,0.214657,0.519739]],
    "vertices":[0.917979,-0.084157,0.111194,1.06321,-0.164405,0.111287,1.06321,-0.054608,0.085514,1.16003,-0.125111,0.090946,-0.001822,-0.473352,0.12886,-0.001822,-0,0.12886,-0.001822,-0.001287,-0,-0.001822,0.470777,-0.12886,-0.001822,0.472064,0,-0.001822,0.473352,0.12886,0.579105,0.110744,0.116346,0.772747,0.095007,0.094993,0.385463,0.283279,0.013134,0.579105,0.189337,0.069097,1.06321,-0.164489,0.085514,0.944874,-0.205647,0.104649,0.772747,-0.251549,0.094993,0.675926,-0.290843,0.115335,0.482284,0.156869,-0.015798,0.385463,-0.032289,0.013134,0.772747,-0.251465,0.120766,0.385463,-0.031346,0.124813,0.579105,-0.21255,0.122789,0.927661,-0.050212,0.050421,0.579105,-0.21287,0.069097,-0.001822,-0.473352,0.12886,-0.001822,-0.001287,-0,-0.001822,-0,0.12886,-0.001822,0.473352,0.12886,-0.001822,0.470777,-0.12886,-0.001822,0.472064,0],
    "faces":[42,0,1,2,0,0,1,2,0,1,2,42,2,1,3,0,2,1,3,2,1,3,42,4,27,26,0,4,5,6,4,5,5,42,7,26,30,0,7,6,8,4,5,5,42,9,30,27,0,9,8,5,4,5,5,42,30,26,27,0,8,6,5,5,5,5,42,10,0,11,0,10,0,11,6,0,7,42,11,0,2,0,11,0,2,7,0,2,42,8,28,12,0,8,9,12,8,9,10,42,12,28,13,0,12,9,13,10,9,11,42,14,15,16,0,14,15,16,12,13,14,42,16,15,17,0,16,15,17,14,13,15,42,29,18,6,0,7,18,6,16,17,18,42,6,18,19,0,6,18,19,18,17,19,42,17,15,20,0,17,15,20,15,13,20,42,20,15,1,0,20,15,1,20,13,1,42,5,25,21,0,5,4,21,21,22,23,42,21,25,22,0,21,4,22,23,22,24,42,15,14,1,0,15,14,1,13,12,1,42,1,14,3,0,1,14,3,1,12,3,42,23,2,14,0,23,2,14,25,2,12,42,14,2,3,0,14,2,3,12,2,3,42,2,23,11,0,2,23,11,2,25,7,42,11,23,13,0,11,23,13,7,25,11,42,28,10,13,0,9,10,13,9,6,11,42,13,10,11,0,13,10,11,11,6,7,42,23,18,13,0,23,18,13,25,17,11,42,13,18,12,0,13,18,12,11,17,10,42,18,29,12,0,18,7,12,17,16,10,42,12,29,8,0,12,7,8,10,16,8,42,25,24,17,0,4,24,17,22,26,15,42,17,24,16,0,17,24,16,15,26,14,42,24,23,16,0,24,23,16,26,25,14,42,16,23,14,0,16,23,14,14,25,12,42,23,24,18,0,23,24,18,25,26,17,42,18,24,19,0,18,24,19,17,26,19,42,24,25,19,0,24,4,19,26,22,19,42,19,25,6,0,19,4,6,19,22,18,42,1,0,20,0,1,0,20,1,0,20,42,20,0,22,0,20,0,22,20,0,24,42,25,17,22,0,4,17,22,22,15,24,42,22,17,20,0,22,17,20,24,15,20,42,0,10,22,0,0,10,22,0,6,24,42,22,10,21,0,22,10,21,24,6,23,42,28,5,10,0,9,5,10,9,21,6,42,10,5,21,0,10,5,21,6,21,23],
    "materials":[{
        "visible":true,
        "mapDiffuseRepeat":[1,1],
        "specularCoef":0,
        "blending":"CustomBlending",
        "wireframe":false,
        "depthTest":true,
        "colorSpecular":[0.0,0.0,0.0],
        "shading":"lambert",
        "mapDiffuse":"torch.png",
        "transparent":true,
        "mapDiffuseAnisotropy":1,
        "DbgColor":15658734,
        "colorDiffuse":[1,1,1],
        "DbgName":"RTorchMat",
        "mapDiffuseWrap":["repeat","repeat"],
        "depthWrite":true,
        "colorEmissive":[0,0,0],
        "DbgIndex":0,
        "opacity":1
    }],
    "normals":[0.075838,0.117893,0.990112,0.332102,-0.564989,0.755272,0.715354,0.697775,-0.036348,0.99881,0.035218,-0.032899,-1,0,0,-0.999969,0,0,0.115635,0.245094,0.962554,0.486587,0.819819,0.301767,0.438398,0.898709,-0.008972,0.371532,0.726768,0.577685,0.506333,0.780541,-0.366527,0.510361,0.855007,0.09183,0.306314,-0.679403,-0.666738,0.290353,-0.954375,0.069308,0.162999,-0.618885,-0.768364,0.108493,-0.972839,0.204413,0.433821,0.607257,-0.665578,0.273934,0.176641,-0.945372,0.029908,-0.250374,-0.967681,0.042573,-0.215003,-0.975677,0.140721,-0.368999,0.918699,0.015595,0.003479,0.999847,0.133335,-0.982391,0.130619,0.015809,0.020142,0.999664,0.022736,-0.015442,0.999603,0.176244,0.130192,-0.975677,0.062532,-0.318369,-0.945891],
    "metadata":{
        "uvs":1,
        "normals":27,
        "vertices":31,
        "faces":46,
        "materials":1,
        "type":"Geometry",
        "generator":"io_three",
        "version":3
    }
}